Workbook

Sheet Sheet1
B1: F003 STORE DAMAGE FILE
B2: STORE CODE : | D2: JC2001
B3: STORE NAME : | D3: SLGD
B4: DATE SEND DM FILE: | D4: 45244
M5: STORE USAGE ONLY - DMC & DMW USE | P5: QM USAGE ONLY
B6: NO. | C6: BARCODE | D6: DAMAGE QUANTITY | E6: Category (DMO/DMC/DMP /DPI/DMN/DDR/ DMW/DMQ/DME) | F6: REASON DAMAGE | G6: OTHER REASON (FILL IN IF REASON YOU CHOOSE "OTHER" | H6: DETAIL DESCRIPTION | I6: DMC = CTM New Receipt No. DMW = CTM New Receipt No. DDR = Invoice No DME = RMA# DMP = Expiry Date DPI = Expiry Date | J6: *FOR DMC & DMW ONLY* NEW RECEIPT DATE | K6: Please key-in SERIAL NUMBER | L6: OLD RECEIPT DATE | M6: OLD RECEIPT NUMBER | N6: CUSTOMER NAME | O6: CUSTOMER PHONE NUMBER | P6: FEEDBACK FROM CUSTOMER
B7: 1 | C7: 8975430 | D7: 1 | E7: DDR | F7: OTHERS (CREATE NOTES) | I7: 164232
B8: 2 | C8: 9077678 | D8: 1 | E8: DMP | F8: EXPIRED | I8: 45259
B9: 3 | C9: 3106006 | D9: 1 | E9: 2DMP | F9: EXPIRED | I9: 45255
B10: 4 | C10: 3106133 | D10: 9 | E10: DPI | F10: H-35 EXPIRED | I10: 45287
B11: 5 | C11: 3105960 | D11: 1 | E11: DMC | F11: TIDAK BERFUNGSI | I11: 26429 | J11: 24-11-2023 | K11: CA079-30/60 | L11: 23-11-2023 | M11: 28919 | N11: RINA.H | O11: 081227744200 | P11: MATI
B12: 6 | C12: 9023101 | D12: 1 | E12: DMW | F12: TIDAK BERFUNGSI | I12: 87277 | J12: 45144 | K12: HHB1792200500159 | L12: 44780 | M12: 195063 | N12: ISMI ANJAR FARIDA | O12: 85225177286
B13: 7 | C13: 3103766 | D13: 1 | E13: DMO | F13: PATAH
B14: 8 | C14: 9069649 | D14: 1 | E14: DMN | F14: PECAH
B15: 9
B16: 10
B17: 11
B18: 12
B19: 13
B20: 14
B21: 15
B22: 16
B23: 17
B24: 18
B25: 19
B26: 20
... B48: 42
N50: DIBUAT | O50: MENGETAHUI | P50: MENYETUJUI
N52: STOREBOY | O52: SPV | P52: ABM/BM
I113: Dear PIC, Berikut ini kami kirimkan File Damage DMO 15 SEPTEMBER 2023. Mohon dibantu prosesnya. Thanks & Best Regards, Danang Dwi Saputra - Supervisor ( 0853-2895-4201 ) Dian Pamungkas - Asst Supervisor ( 0813-2656-5865 ) Ahmad Faizal - Asst Supervisor ( 0813-5716-6552 ) Solo Grand Mall Lt. 2 Jl. Slamet Riyadi 273 Penumping, Laweyan, Surakarta, Jawa Tengah

Sheet EXAMPLE 
L1: C
B2: STORE CODE : | F2: F003 STORE DAMAGE FILE | K2: DIBUAT | M2: MENGETAHUI | O2: MENYETUJUI
B3: STORE NAME :
B4: DATE SEND DM FILE:
H7: DDR / DMC / DMW / DME | I7: DMC & DMW DETAILS | J7: DMP / DPI / 2DMP DETAILS | K7: DMW DETAILS | L7: DMC & DMW USE - CUSTOMER DETAILS | P7: FOR QM USE
B8: NO. | C8: BARCODE | D8: DAMAGE QUANTITY | E8: CATEGORY (DMO/DDR/DMC/DMP /DPI/2DMP/DMW/DMQ/DMN/SCB/DME) | F8: REASON DAMAGE | G8: OTHER REASON (FILL IN IF REASON YOU CHOOSE "OTHER" | H8: DDR = Invoice No DMC = CTM New Receipt No. DMW = CTM New Receipt No. DME = RMA# NUMBER | I8: NEW RECEIPT DATE (DD/MM/YYYY) | J8: EXPIRY DATE (DD/MM/YYYY) | K8: Please key-in SERIAL NUMBER | L8: OLD RECEIPT DATE | M8: OLD RECEIPT NUMBER | N8: CUSTOMER NAME | O8: CUSTOMER PHONE NUMBER | P8: FEEDBACK FROM CUSTOMER
B9: 1 | C9: 8975430 | D9: 1 | E9: DDR | F9: OTHERS
B10: 2 | C10: 9077678 | D10: 1 | E10: DMP | F10: EXPIRED | J10: 45253
B11: 3 | C11: 3106006 | D11: 1 | E11: 2DMP | F11: EXPIRED | J11: 45253
B12: 4 | C12: 3106133 | D12: 9 | E12: DPI | F12: H-35 EXPIRED | J12: 45253
B13: 5 | C13: 3105960 | D13: 1 | E13: DMC | F13: TIDAK BERFUNGSI | H13: 28919 | I13: 45253 | N13: RINA.H | O13: 081227744200 | P13: MATI
B14: 6 | C14: 9023101 | D14: 1 | E14: DMW | F14: TIDAK BERFUNGSI | H14: 195063 | I14: 44780 | N14: ISMI ANJAR FARIDA | O14: 085225177286
B15: 7 | C15: 3103766 | D15: 1 | E15: DMO | F15: PATAH
B16: 8 | C16: 9069649 | D16: 1 | E16: DMN | F16: PECAH
B17: 9
B18: 10
B19: 11
B20: 12
B21: 13
B22: 14
B23: 15
B24: 16
B25: 17
B26: 18
B27: 19
B28: 20
... B58: 50

Sheet QM Report (Template)
L1: C
B2: STORE CODE : | F2: F003 STORE DAMAGE FILE | K2: DIBUAT | M2: MENGETAHUI | O2: MENYETUJUI
B3: STORE NAME :
B4: DATE SEND DM FILE:
H7: DDR / DMC / DMW / DME | I7: DMC & DMW DETAILS | J7: DMP / DPI / 2DMP DETAILS | K7: DMW DETAILS | L7: DMC & DMW USE - CUSTOMER DETAILS | P7: FOR QM USE
B8: NO. | C8: BARCODE | D8: DAMAGE QUANTITY | E8: CATEGORY (DMO/DDR/DMC/DMP /DPI/2DMP/DMW/DMQ/DMN/SCB/DME) | F8: REASON DAMAGE | G8: OTHER REASON (FILL IN IF REASON YOU CHOOSE "OTHER" | H8: DDR = Invoice No DMC = CTM New Receipt No. DMW = CTM New Receipt No. DME = RMA# NUMBER | I8: NEW RECEIPT DATE (DD/MM/YYYY) | J8: EXPIRY DATE (DD/MM/YYYY) | K8: Please key-in SERIAL NUMBER | L8: OLD RECEIPT DATE | M8: OLD RECEIPT NUMBER | N8: CUSTOMER NAME | O8: CUSTOMER PHONE NUMBER | P8: FEEDBACK FROM CUSTOMER
B9: =BEFORE!A2 -> 1 | C9: =BEFORE!B2 -> 0 | D9: =BEFORE!C2 -> 0 | E9: DMO
B10: =BEFORE!A3 -> 2 | C10: =BEFORE!B3 -> 0 | D10: =BEFORE!C3 -> 0
B11: =BEFORE!A4 -> 3 | C11: =BEFORE!B4 -> 0 | D11: =BEFORE!C4 -> 0
B12: =BEFORE!A5 -> 4 | C12: =BEFORE!B5 -> 0 | D12: =BEFORE!C5 -> 0
B13: =BEFORE!A6 -> 5 | C13: =BEFORE!B6 -> 0 | D13: =BEFORE!C6 -> 0
B14: =BEFORE!A7 -> 6 | C14: =BEFORE!B7 -> 0 | D14: =BEFORE!C7 -> 0
B15: =BEFORE!A8 -> 7 | C15: =BEFORE!B8 -> 0 | D15: =BEFORE!C8 -> 0
B16: =BEFORE!A9 -> 8 | C16: =BEFORE!B9 -> 0 | D16: =BEFORE!C9 -> 0
B17: =BEFORE!A10 -> 9 | C17: =BEFORE!B10 -> 0 | D17: =BEFORE!C10 -> 0
B18: =BEFORE!A11 -> 10 | C18: =BEFORE!B11 -> 0 | D18: =BEFORE!C11 -> 0
B19: =BEFORE!A12 -> 11 | C19: =BEFORE!B12 -> 0 | D19: =BEFORE!C12 -> 0
B20: =BEFORE!A13 -> 12 | C20: =BEFORE!B13 -> 0 | D20: =BEFORE!C13 -> 0
B21: =BEFORE!A14 -> 13 | C21: =BEFORE!B14 -> 0 | D21: =BEFORE!C14 -> 0
... B58: =BEFORE!A51 -> 50 | C58: =BEFORE!B51 -> 0 | D58: =BEFORE!C51 -> 0

Sheet BEFORE
A1: No | B1: BARCODE | C1: QTY | D1: REASON DAMAGE | E1: BEFORE | F1: AFTER
A2: 1 | B2: 0 | C2: 0 | D2: 0 | J2: EXP PHOTOS :
A3: 2 | B3: 0 | C3: 0 | D3: 0
A4: 3 | B4: 0 | C4: 0 | D4: 0
A5: 4 | B5: 0 | C5: 0 | D5: 0
A6: 5 | B6: 0 | C6: 0 | D6: 0
A7: 6 | B7: 0 | C7: 0 | D7: 0
A8: 7 | B8: 0 | C8: 0 | D8: 0
A9: 8 | B9: 0 | C9: 0 | D9: 0
A10: 9 | B10: 0 | C10: 0 | D10: 0
A11: 10 | B11: 0 | C11: 0 | D11: 0
A12: 11 | B12: 0 | C12: 0 | D12: 0
A13: 12 | B13: 0 | C13: 0 | D13: 0
A14: 13 | B14: 0 | C14: 0 | D14: 0
... A51: 50 | B51: 0 | C51: 0 | D51: 0

Sheet FORM PERSETUJUAN
